"engagement","participation","attendance","seating_group","class_duration","teaching_method","class_outcome"
9.8,63.4,70.2,6,"Medium","Discussion","No Intervention"
5.4,35.4,83.1,3,"Long","Interactive","No Intervention"
3.5,71.8,86.7,1,"Medium","Discussion","Intervention Needed"
0.1,21.4,97.4,1,"Short","Discussion","Intervention Needed"
5.7,0.6,85.9,1,"Long","Discussion","Intervention Needed"
1.7,17.6,98,3,"Medium","Interactive","Intervention Needed"
9.5,32.3,85.6,3,"Medium","Discussion","Intervention Needed"
1.5,60.7,59.3,3,"Short","Discussion","Intervention Needed"
5.8,84.4,95.4,6,"Short","Interactive","No Intervention"
3.8,90.5,68.3,6,"Short","Discussion","Intervention Needed"
5.9,1.1,58.4,1,"Medium","Discussion","Intervention Needed"
3.9,30.7,74.6,1,"Medium","Interactive","Intervention Needed"
1.3,19.9,65.1,6,"Medium","Discussion","Intervention Needed"
8,0.9,75.9,1,"Medium","Discussion","Intervention Needed"
4.7,42.2,92.5,3,"Long","Interactive","Intervention Needed"
2.3,62,80.6,6,"Medium","Interactive","Intervention Needed"
2.9,44.5,62.4,3,"Short","Discussion","Intervention Needed"
2,56.9,99.7,3,"Medium","Interactive","Intervention Needed"
6.7,60.4,73.5,1,"Short","Discussion","Intervention Needed"
2,64.4,63.7,1,"Short","Interactive","Intervention Needed"
8.9,89.9,61.6,6,"Short","Interactive","No Intervention"
0.4,60,68.9,6,"Short","Interactive","Intervention Needed"
7.2,5.4,79.8,6,"Long","Interactive","No Intervention"
7,78.6,69.6,6,"Medium","Interactive","Intervention Needed"
6,25.1,54.1,6,"Short","Discussion","Intervention Needed"
8.6,73.8,58.1,1,"Long","Interactive","Intervention Needed"
6.5,1.6,76.9,1,"Medium","Discussion","Intervention Needed"
7.6,40.3,53.3,6,"Medium","Discussion","Intervention Needed"
0.2,63.6,53.4,3,"Medium","Discussion","Intervention Needed"
1.4,35.4,96.8,3,"Medium","Discussion","Intervention Needed"
8.4,74.5,61.7,6,"Short","Discussion","Intervention Needed"
8.8,57.9,73.7,1,"Long","Discussion","No Intervention"
2.4,35.4,86.2,3,"Long","Interactive","Intervention Needed"
9.1,47.5,93,3,"Short","Interactive","No Intervention"
7.3,46.2,53.8,3,"Medium","Discussion","No Intervention"
5.2,69,65.4,1,"Short","Interactive","No Intervention"
4.5,30,55,1,"Long","Interactive","Intervention Needed"
2.6,17.1,56,6,"Medium","Interactive","Intervention Needed"
0.6,7.6,83.7,6,"Long","Discussion","Intervention Needed"
6.5,51.9,75.5,6,"Long","Interactive","Intervention Needed"
5.3,88.8,53,6,"Long","Interactive","Intervention Needed"
7,50.5,64.9,3,"Medium","Discussion","Intervention Needed"
3.3,64.8,85.2,1,"Medium","Discussion","No Intervention"
1.4,4.9,73,6,"Long","Interactive","Intervention Needed"
9.3,35.7,94.1,1,"Short","Interactive","No Intervention"
5.2,10.4,56.7,3,"Short","Interactive","Intervention Needed"
2,4.9,54.8,3,"Medium","Discussion","Intervention Needed"
7.3,7.9,81.3,1,"Short","Discussion","No Intervention"
1.5,87.1,72.9,3,"Short","Interactive","Intervention Needed"
0.6,88.2,72.5,3,"Medium","Interactive","Intervention Needed"
9.7,31.4,70.7,1,"Long","Discussion","No Intervention"
0.4,28.6,65,1,"Short","Interactive","Intervention Needed"
0.9,33.7,87,1,"Medium","Interactive","Intervention Needed"
0.9,11.5,60.5,6,"Short","Discussion","Intervention Needed"
7,89.4,98.1,1,"Medium","Interactive","No Intervention"
7.4,74.7,73.3,1,"Short","Interactive","Intervention Needed"
9.1,33.6,81.1,1,"Medium","Interactive","Intervention Needed"
3.1,10.9,61.2,6,"Short","Discussion","Intervention Needed"
8.4,61.6,98.6,3,"Short","Interactive","No Intervention"
2.3,93.3,90.8,1,"Medium","Interactive","Intervention Needed"
2.4,41,99.7,3,"Short","Interactive","Intervention Needed"
9.2,39.1,58.7,3,"Long","Discussion","Intervention Needed"
4.5,57.9,70,1,"Medium","Discussion","Intervention Needed"
4.2,18.3,87.8,6,"Short","Discussion","Intervention Needed"
6.3,89.1,61.6,6,"Medium","Interactive","Intervention Needed"
4.1,21.1,66,6,"Short","Interactive","Intervention Needed"
1.3,38.3,79.5,6,"Medium","Discussion","Intervention Needed"
3.8,50.4,87.5,6,"Short","Interactive","Intervention Needed"
0.1,52.3,98.1,6,"Short","Interactive","Intervention Needed"
6.8,30.6,65.4,6,"Long","Interactive","Intervention Needed"
8.8,69,93.6,6,"Medium","Discussion","No Intervention"
0.2,53.6,92.1,6,"Short","Discussion","Intervention Needed"
0.7,33.1,56.5,1,"Medium","Interactive","Intervention Needed"
1.7,54.8,65.4,1,"Medium","Interactive","Intervention Needed"
2.5,12.8,63,1,"Long","Interactive","Intervention Needed"
5.1,7.7,65.4,3,"Short","Interactive","No Intervention"
4.8,5.3,76.7,6,"Short","Discussion","Intervention Needed"
6.8,72.8,72.8,1,"Short","Interactive","Intervention Needed"
0.5,15,65.3,6,"Long","Discussion","Intervention Needed"
1,58,55,6,"Medium","Interactive","Intervention Needed"
6.8,18.7,57.6,3,"Long","Discussion","Intervention Needed"
8.6,1,61.3,1,"Medium","Interactive","Intervention Needed"
7,39.6,71.5,3,"Short","Interactive","No Intervention"
4.5,96.2,95.5,6,"Short","Interactive","No Intervention"
9.3,73.1,61,1,"Short","Interactive","No Intervention"
9.5,86.3,87.1,1,"Short","Interactive","No Intervention"
1.2,37.3,59.8,3,"Medium","Discussion","Intervention Needed"
0.8,48.2,68.1,1,"Short","Discussion","Intervention Needed"
6.4,14.7,74.5,3,"Long","Discussion","Intervention Needed"
4,8.7,72,6,"Short","Discussion","Intervention Needed"
4.5,73.2,67.3,1,"Short","Discussion","Intervention Needed"
2.9,45.1,84.3,6,"Medium","Interactive","Intervention Needed"
1.5,52.8,80.6,6,"Medium","Interactive","No Intervention"
5.9,29.9,93,3,"Short","Interactive","No Intervention"
9.4,32.8,68.8,1,"Long","Discussion","No Intervention"
0.3,70.3,67.2,3,"Short","Interactive","Intervention Needed"
0.3,51.8,97.1,3,"Medium","Discussion","Intervention Needed"
6.7,79.2,61.6,6,"Medium","Discussion","No Intervention"
8.6,5.5,97.4,3,"Short","Discussion","No Intervention"
7.4,25.6,55.3,3,"Short","Discussion","Intervention Needed"
3.1,97.1,94.8,3,"Long","Discussion","Intervention Needed"
5.8,13.2,64.1,6,"Long","Interactive","Intervention Needed"
5.5,70.4,57.5,3,"Medium","Discussion","Intervention Needed"
1.5,66,99,6,"Short","Interactive","No Intervention"
6.3,69.6,96.1,1,"Medium","Interactive","No Intervention"
1.1,39.5,56.9,1,"Short","Discussion","Intervention Needed"
1.5,9.4,93.6,3,"Medium","Interactive","Intervention Needed"
5.9,30.8,72.6,6,"Medium","Interactive","Intervention Needed"
7.6,91.8,64.5,1,"Long","Discussion","No Intervention"
5.2,23.4,96.7,1,"Medium","Discussion","Intervention Needed"
3.1,40.7,77.8,6,"Long","Discussion","Intervention Needed"
7.3,8.4,79.9,3,"Short","Interactive","Intervention Needed"
1.7,17.8,56.1,6,"Long","Discussion","Intervention Needed"
2.2,63.8,50.7,1,"Long","Interactive","Intervention Needed"
2.9,98.5,80.5,6,"Short","Interactive","No Intervention"
8.5,33.2,62.9,6,"Long","Interactive","Intervention Needed"
7.5,68.4,94.9,1,"Long","Discussion","No Intervention"
8,73.8,55.8,6,"Medium","Interactive","Intervention Needed"
0.2,53.5,93.3,6,"Medium","Discussion","Intervention Needed"
2.2,45.7,77.4,3,"Short","Interactive","Intervention Needed"
8.1,56.2,65.3,6,"Long","Interactive","Intervention Needed"
6.6,94.7,57.2,1,"Short","Discussion","Intervention Needed"
9.8,49.2,75.7,3,"Medium","Interactive","No Intervention"
6.8,95.9,89,1,"Long","Interactive","No Intervention"
1.8,81.6,96.7,6,"Long","Interactive","Intervention Needed"
2.7,89.7,52.9,6,"Short","Interactive","Intervention Needed"
4.3,39.8,90.3,1,"Long","Interactive","No Intervention"
8.4,5.4,61.9,1,"Short","Interactive","Intervention Needed"
1.4,96.3,81.2,1,"Long","Interactive","Intervention Needed"
9.9,34.6,50.1,1,"Long","Interactive","No Intervention"
7,88.8,91.7,3,"Long","Discussion","No Intervention"
1.1,73.7,70.8,3,"Short","Interactive","Intervention Needed"
8.1,13.1,91.8,6,"Medium","Discussion","No Intervention"
6.7,96.2,66.5,3,"Medium","Interactive","Intervention Needed"
7.4,92.1,63.1,3,"Medium","Interactive","Intervention Needed"
9.6,70.3,92.5,3,"Short","Discussion","No Intervention"
8.3,21.1,80.5,6,"Short","Interactive","Intervention Needed"
7,96.4,92.8,6,"Long","Interactive","No Intervention"
2.6,36.5,81.7,3,"Long","Interactive","Intervention Needed"
8.3,84.2,75,3,"Medium","Discussion","No Intervention"
9.4,85.9,99.3,3,"Short","Interactive","No Intervention"
1.7,49.2,52.5,6,"Long","Interactive","Intervention Needed"
9.4,72.1,50.5,6,"Short","Discussion","No Intervention"
2.5,1.1,75,3,"Short","Discussion","Intervention Needed"
2.9,63.4,79.1,3,"Medium","Discussion","No Intervention"
9.6,25.1,73.8,1,"Short","Interactive","No Intervention"
6.5,72.6,91.7,3,"Medium","Interactive","Intervention Needed"
0,31.8,92.7,1,"Long","Discussion","Intervention Needed"
9.7,79.8,52.3,1,"Long","Interactive","No Intervention"
0.1,23.8,80.3,6,"Short","Interactive","Intervention Needed"
9.8,57.4,81.7,1,"Short","Discussion","Intervention Needed"
6.3,49.2,53.1,1,"Medium","Discussion","Intervention Needed"
0.9,86.5,51.5,6,"Medium","Interactive","Intervention Needed"
0.3,49.6,55.2,1,"Short","Discussion","Intervention Needed"
3.6,94.5,97.2,3,"Short","Interactive","No Intervention"
1.5,31,91.1,6,"Short","Interactive","Intervention Needed"
8.6,89.3,60.5,3,"Long","Discussion","No Intervention"
3.2,38.2,52.7,6,"Short","Interactive","Intervention Needed"
6.7,99.1,91,6,"Short","Discussion","No Intervention"
6.1,51,86.2,3,"Medium","Discussion","Intervention Needed"
5.4,53.6,70.5,6,"Medium","Discussion","No Intervention"
9,26.5,87.9,1,"Medium","Interactive","Intervention Needed"
1.1,78.6,70.8,6,"Short","Interactive","Intervention Needed"
7.9,69.9,86.4,3,"Short","Discussion","No Intervention"
6.1,72.8,62,1,"Medium","Discussion","Intervention Needed"
2.5,30.7,64.4,1,"Short","Discussion","Intervention Needed"
6.3,78.2,72.3,6,"Long","Discussion","Intervention Needed"
3.9,27.7,92.7,6,"Long","Interactive","No Intervention"
1.5,82.6,78.7,3,"Long","Discussion","Intervention Needed"
1.5,18,52.5,1,"Long","Interactive","Intervention Needed"
6.1,69.1,66.9,1,"Long","Interactive","No Intervention"
6.7,86.2,71.3,1,"Long","Discussion","Intervention Needed"
7,18.2,54.4,3,"Medium","Discussion","Intervention Needed"
7.1,97,74,6,"Medium","Discussion","No Intervention"
7.1,79.8,70.3,6,"Medium","Discussion","Intervention Needed"
6,50.5,60,3,"Medium","Interactive","No Intervention"
8,2.2,54.6,3,"Long","Discussion","Intervention Needed"
5.2,59.3,90.5,6,"Long","Interactive","Intervention Needed"
5.8,4.7,73.8,3,"Medium","Discussion","Intervention Needed"
3,87.6,76.5,1,"Short","Interactive","Intervention Needed"
3.7,94,76.2,1,"Medium","Interactive","Intervention Needed"
9,38.3,97.6,3,"Medium","Interactive","No Intervention"
7.7,19.9,61.7,6,"Long","Discussion","Intervention Needed"
2.9,0.5,81.3,3,"Medium","Discussion","Intervention Needed"
4.5,42.4,61.6,1,"Medium","Interactive","Intervention Needed"
0.6,13.6,82.3,1,"Short","Interactive","Intervention Needed"
3.9,53.8,63.1,3,"Short","Interactive","No Intervention"
7.7,10.8,80.1,6,"Long","Discussion","Intervention Needed"
0,55.5,73.6,3,"Long","Discussion","Intervention Needed"
5,6.9,54.5,1,"Long","Discussion","Intervention Needed"
5.2,1.1,83.4,6,"Short","Discussion","Intervention Needed"
7.9,19.2,79.6,6,"Short","Discussion","No Intervention"
6.2,23.6,61.5,6,"Long","Discussion","Intervention Needed"
8.9,83.7,74.8,3,"Short","Interactive","No Intervention"
3.1,71.7,79.9,6,"Short","Interactive","Intervention Needed"
2.5,18.2,61.6,3,"Long","Interactive","Intervention Needed"
3.3,27.9,71.5,3,"Long","Interactive","Intervention Needed"
8.3,28,59.7,6,"Long","Interactive","Intervention Needed"
3.9,68.9,69.9,6,"Medium","Interactive","Intervention Needed"
7.2,13.5,97.5,6,"Medium","Discussion","Intervention Needed"
3.5,9.5,69.1,6,"Medium","Interactive","Intervention Needed"
7.6,17.9,61.2,1,"Long","Interactive","Intervention Needed"
0.9,82,63.5,6,"Long","Discussion","Intervention Needed"
7.3,1.6,83.2,1,"Short","Interactive","Intervention Needed"
4.3,79.7,90.4,3,"Medium","Interactive","No Intervention"
8.6,13,85.7,6,"Short","Discussion","Intervention Needed"
9.8,18.6,87.1,3,"Long","Discussion","Intervention Needed"
8,46.8,51.1,1,"Long","Interactive","No Intervention"
9.3,47.2,81.8,6,"Long","Discussion","No Intervention"
3.8,66.5,76.5,6,"Long","Discussion","Intervention Needed"
9.1,84.3,95.4,6,"Medium","Interactive","No Intervention"
6.7,30.8,82.5,6,"Medium","Interactive","Intervention Needed"
8.3,71.9,73.2,1,"Medium","Interactive","No Intervention"
9.5,69,91.2,1,"Long","Discussion","No Intervention"
6.2,45.5,74.8,6,"Long","Interactive","Intervention Needed"
1.8,85.5,68.2,6,"Long","Interactive","Intervention Needed"
9.7,71.3,60.2,6,"Short","Interactive","Intervention Needed"
7.8,5.7,58.7,6,"Long","Interactive","No Intervention"
7.4,4.9,66.4,3,"Short","Discussion","Intervention Needed"
5.4,39.5,53.5,1,"Medium","Discussion","Intervention Needed"
9.4,61.5,58,6,"Short","Discussion","No Intervention"
9.7,33.8,66.4,1,"Medium","Interactive","Intervention Needed"
6,2.5,83.2,6,"Short","Discussion","Intervention Needed"
0.5,31,57.7,1,"Medium","Interactive","Intervention Needed"
4.9,98.7,72.4,6,"Long","Interactive","Intervention Needed"
1.5,90,92.2,3,"Medium","Interactive","Intervention Needed"
9.6,81.5,75,3,"Long","Discussion","No Intervention"
7.5,69,51.3,6,"Short","Interactive","Intervention Needed"
1.8,13.6,53.6,1,"Medium","Discussion","Intervention Needed"
6.3,85.8,88.2,6,"Long","Discussion","No Intervention"
8.3,69.7,53.9,3,"Medium","Discussion","Intervention Needed"
8.1,93,81.6,3,"Medium","Interactive","No Intervention"
1.4,49.5,75.6,3,"Long","Interactive","Intervention Needed"
4.9,16.7,91.9,3,"Short","Discussion","Intervention Needed"
2.2,47.9,89.5,3,"Long","Interactive","Intervention Needed"
8.2,31.9,95.4,3,"Medium","Discussion","No Intervention"
5.1,39.7,95.9,3,"Long","Interactive","Intervention Needed"
4,6.7,96.5,3,"Short","Discussion","No Intervention"
6.8,23.6,54.7,1,"Long","Discussion","Intervention Needed"
1.7,30.4,81.8,1,"Short","Discussion","Intervention Needed"
4.5,54.1,85.1,3,"Medium","Discussion","No Intervention"
4.6,3.8,58.9,3,"Medium","Interactive","Intervention Needed"
7.2,36,51,1,"Long","Interactive","Intervention Needed"
3.7,71.9,71.9,3,"Medium","Discussion","Intervention Needed"
1.4,62.7,99.6,6,"Medium","Discussion","No Intervention"
4.9,77.5,82.6,3,"Medium","Interactive","Intervention Needed"
9.8,28.2,69.1,3,"Medium","Discussion","No Intervention"
5,97.4,74.4,3,"Long","Discussion","No Intervention"
9.3,12.7,89.7,1,"Long","Interactive","No Intervention"
5.4,68.9,57.5,3,"Long","Interactive","Intervention Needed"
3.6,42.5,57.4,1,"Short","Discussion","Intervention Needed"
7.3,18.2,97.7,6,"Medium","Discussion","No Intervention"
2.6,89.9,79.4,1,"Long","Interactive","Intervention Needed"
2.5,40,67.2,1,"Short","Discussion","Intervention Needed"
3.6,39.8,97.3,1,"Medium","Discussion","No Intervention"
3.6,12.4,83.7,6,"Medium","Interactive","Intervention Needed"
7.5,33.1,65.5,1,"Medium","Discussion","No Intervention"
5.2,12.2,54.2,1,"Short","Interactive","Intervention Needed"
3.3,63.2,68.7,1,"Medium","Interactive","Intervention Needed"
6.6,89.2,72.9,1,"Medium","Interactive","No Intervention"
2.9,38.2,89.3,3,"Medium","Discussion","Intervention Needed"
6.7,64.2,85.8,3,"Medium","Discussion","No Intervention"
5.4,93.9,65.4,1,"Medium","Interactive","Intervention Needed"
1.3,34.9,72.8,1,"Medium","Interactive","Intervention Needed"
6.6,14.1,53.6,3,"Medium","Discussion","No Intervention"
1.3,47.7,84.7,6,"Short","Interactive","Intervention Needed"
5.2,24.4,69,1,"Medium","Interactive","Intervention Needed"
4,28.4,60.6,6,"Short","Interactive","Intervention Needed"
4.6,8.2,72.5,1,"Short","Discussion","Intervention Needed"
1.6,80.6,64.5,6,"Medium","Discussion","Intervention Needed"
3.2,27.5,64.5,1,"Short","Discussion","Intervention Needed"
5.2,84.4,85.2,6,"Short","Discussion","Intervention Needed"
5.4,41.1,70.2,6,"Short","Discussion","Intervention Needed"
5.3,35.4,89,1,"Medium","Discussion","Intervention Needed"
9.6,95.8,92,6,"Short","Interactive","No Intervention"
5,82.5,89,6,"Long","Interactive","No Intervention"
5.7,11.7,90.9,3,"Long","Discussion","Intervention Needed"
4.5,3.5,85.4,1,"Short","Discussion","Intervention Needed"
6.5,91.7,74.8,3,"Long","Discussion","No Intervention"
5.5,10.5,92.2,6,"Short","Interactive","Intervention Needed"
4.1,77.6,69.6,3,"Long","Discussion","No Intervention"
4,7.3,65.1,6,"Long","Discussion","Intervention Needed"
0.3,35.2,70.7,1,"Medium","Discussion","Intervention Needed"
9.6,12.2,90.4,6,"Short","Discussion","No Intervention"
2.8,77.6,94.7,6,"Short","Discussion","Intervention Needed"
9.6,6.7,84.9,1,"Short","Discussion","No Intervention"
5.1,35.3,91.4,6,"Medium","Interactive","No Intervention"
9.3,2.6,91.5,1,"Medium","Interactive","No Intervention"
4.4,45.3,85.3,3,"Short","Discussion","Intervention Needed"
1.6,97.8,77.5,3,"Medium","Interactive","Intervention Needed"
9.2,30.7,83.2,1,"Short","Discussion","No Intervention"
10,17.8,90.9,6,"Short","Discussion","No Intervention"
8.9,63.2,69,6,"Long","Interactive","No Intervention"
4.3,41,72.9,3,"Medium","Discussion","Intervention Needed"
4.7,71.3,56.9,3,"Long","Discussion","Intervention Needed"
8.4,22.2,89,3,"Long","Interactive","Intervention Needed"
1.4,46.7,54.3,1,"Medium","Discussion","Intervention Needed"
6.1,66.8,59.1,1,"Long","Discussion","Intervention Needed"
2.4,46.9,68.1,6,"Short","Discussion","No Intervention"
7,8.6,76.9,1,"Short","Discussion","Intervention Needed"
2.4,19.7,98.7,3,"Medium","Discussion","Intervention Needed"
1.8,95.3,60.2,6,"Short","Discussion","Intervention Needed"
5.7,46.6,98.4,1,"Medium","Discussion","No Intervention"
4.5,64,99,3,"Short","Discussion","No Intervention"
8.2,32,53.7,6,"Long","Discussion","Intervention Needed"
0.7,0.6,84.4,3,"Medium","Discussion","Intervention Needed"
3,26.5,99.7,6,"Medium","Interactive","Intervention Needed"
2.9,58.4,60.1,6,"Medium","Interactive","Intervention Needed"
0.8,12.2,74.5,3,"Short","Discussion","Intervention Needed"
2.3,36.8,79,3,"Medium","Interactive","Intervention Needed"
7.5,0.1,93.7,1,"Short","Interactive","No Intervention"
9.2,10.6,55.7,1,"Short","Discussion","Intervention Needed"
3.8,10.7,91.7,1,"Long","Interactive","Intervention Needed"
8.7,30,90,3,"Long","Discussion","No Intervention"
9.6,55.1,65.6,1,"Medium","Discussion","No Intervention"
1.5,97.9,63.8,3,"Short","Interactive","Intervention Needed"
9.7,76.7,67.3,3,"Short","Discussion","Intervention Needed"
7.4,44.9,92.9,3,"Long","Discussion","No Intervention"
0.2,67.1,90.9,1,"Medium","Interactive","No Intervention"
0.4,25.1,81,1,"Short","Discussion","Intervention Needed"
0.8,87,67.8,1,"Medium","Interactive","Intervention Needed"
9.6,0.8,66,3,"Long","Interactive","Intervention Needed"
4.6,13.4,59.1,1,"Short","Discussion","Intervention Needed"
3.2,94.7,89.6,3,"Medium","Interactive","Intervention Needed"
1.1,34.8,75.8,6,"Medium","Interactive","Intervention Needed"
8.5,65.1,55.2,3,"Long","Interactive","Intervention Needed"
5.9,39,65.4,3,"Long","Discussion","No Intervention"
7.7,9.4,87.2,1,"Short","Interactive","No Intervention"
6.9,98.6,63.2,1,"Long","Discussion","No Intervention"
9,45.4,58.5,1,"Short","Discussion","No Intervention"
6.7,16.4,61.1,6,"Medium","Discussion","Intervention Needed"
4.3,28.4,98.8,6,"Long","Discussion","No Intervention"
4.3,6.1,50.7,1,"Long","Discussion","Intervention Needed"
3.9,92.1,78.3,6,"Long","Discussion","No Intervention"
5.1,66,98.2,1,"Short","Discussion","Intervention Needed"
8.5,2,79.4,6,"Long","Discussion","No Intervention"
3.2,33.9,52.4,3,"Long","Interactive","Intervention Needed"
7.5,2.1,93,3,"Medium","Interactive","No Intervention"
4.9,56.4,59.5,6,"Medium","Interactive","Intervention Needed"
0.7,45.8,50.9,3,"Long","Interactive","Intervention Needed"
6.5,88.3,52.6,1,"Long","Discussion","Intervention Needed"
8.1,13.4,62.8,1,"Long","Interactive","Intervention Needed"
5.7,59.1,79.6,3,"Long","Discussion","No Intervention"
5.6,14.3,82.8,3,"Short","Discussion","No Intervention"
4.8,73,79.1,6,"Short","Interactive","No Intervention"
2.9,73.8,67.4,1,"Long","Discussion","Intervention Needed"
7.7,40.7,69.6,3,"Short","Interactive","No Intervention"
2.8,52.3,63,3,"Medium","Discussion","Intervention Needed"
6.4,60.2,73.3,6,"Medium","Interactive","Intervention Needed"
5.1,1.3,66.5,1,"Short","Discussion","Intervention Needed"
8.1,25.1,95.7,1,"Long","Discussion","No Intervention"
2.9,85.7,91,6,"Long","Discussion","No Intervention"
4.4,27.1,70.4,3,"Long","Discussion","Intervention Needed"
5.1,62,95,1,"Short","Interactive","Intervention Needed"
6.5,61.1,50.9,6,"Short","Discussion","Intervention Needed"
5.8,98.2,61.8,1,"Medium","Interactive","No Intervention"
3.5,88.3,54,6,"Short","Discussion","Intervention Needed"
5.1,67.2,93.4,1,"Long","Interactive","No Intervention"
7.3,80.3,82.1,3,"Long","Interactive","No Intervention"
2.3,27,70.8,1,"Long","Interactive","Intervention Needed"
0.2,30.1,71.6,6,"Medium","Interactive","Intervention Needed"
7.6,14.2,59.6,3,"Short","Discussion","Intervention Needed"
2.6,39.8,76.4,3,"Short","Interactive","Intervention Needed"
6.3,14.3,83.9,1,"Medium","Interactive","Intervention Needed"
5.2,81.9,82.9,6,"Medium","Discussion","Intervention Needed"
2.2,65.4,85.5,3,"Short","Discussion","No Intervention"
6.4,7.9,89.3,3,"Long","Discussion","Intervention Needed"
0.3,79.3,63.3,3,"Long","Discussion","No Intervention"
3.3,48.2,93,3,"Short","Interactive","Intervention Needed"
1.6,41.5,84.4,3,"Long","Interactive","Intervention Needed"
6.8,32.5,89.6,6,"Short","Discussion","No Intervention"
9.8,38.8,53.2,1,"Short","Interactive","Intervention Needed"
1.5,52.5,95.2,1,"Long","Discussion","No Intervention"
6.8,42.8,69.2,3,"Medium","Discussion","No Intervention"
5.4,16.9,89.3,3,"Medium","Discussion","Intervention Needed"
4.9,47.8,76.4,6,"Medium","Discussion","Intervention Needed"
0,5.9,54,1,"Medium","Interactive","Intervention Needed"
7.6,69.6,63,6,"Medium","Interactive","No Intervention"
9.6,37.6,88.6,6,"Medium","Discussion","Intervention Needed"
7,10.6,84.3,3,"Medium","Interactive","No Intervention"
5.9,13.9,80.5,1,"Medium","Discussion","Intervention Needed"
5.7,55.9,58.1,1,"Short","Interactive","Intervention Needed"
7.7,96.4,62.1,3,"Short","Interactive","No Intervention"
6.3,9.9,50.6,1,"Short","Interactive","Intervention Needed"
4.5,24.9,77.1,6,"Medium","Interactive","Intervention Needed"
6.2,63.3,68.5,6,"Medium","Discussion","Intervention Needed"
6.1,67.3,98.8,6,"Medium","Interactive","No Intervention"
1.4,10.1,88.8,3,"Long","Discussion","Intervention Needed"
5.8,3.9,79.1,6,"Short","Interactive","No Intervention"
6.7,47,90.4,6,"Medium","Interactive","No Intervention"
5.4,18.9,61.1,1,"Short","Interactive","Intervention Needed"
3.2,28.5,65.2,1,"Long","Interactive","Intervention Needed"
0.4,3.8,59.5,3,"Long","Interactive","Intervention Needed"
2.2,58.2,85.5,1,"Medium","Discussion","Intervention Needed"
3.8,46.2,71.4,6,"Long","Interactive","Intervention Needed"
0.5,36.3,89.1,1,"Long","Interactive","Intervention Needed"
6,77.1,68.5,6,"Medium","Interactive","No Intervention"
0.9,38.1,60.9,1,"Short","Interactive","Intervention Needed"
8.3,22.8,70.9,6,"Long","Interactive","No Intervention"
3.1,44.1,62.5,1,"Long","Discussion","Intervention Needed"
5.4,57.5,69.5,1,"Long","Discussion","Intervention Needed"
4.2,31.7,93.3,1,"Short","Interactive","No Intervention"
9.5,80,84.4,1,"Short","Interactive","No Intervention"
9.2,13.5,99.2,1,"Short","Discussion","No Intervention"
4.5,0.3,78.8,3,"Short","Interactive","Intervention Needed"
5.4,1.1,86.8,6,"Short","Interactive","Intervention Needed"
9.8,53.6,59.1,3,"Short","Discussion","No Intervention"
2,86.7,97.2,3,"Short","Interactive","No Intervention"
7.3,54.2,94.3,6,"Medium","Interactive","No Intervention"
3.2,68.9,68.7,6,"Long","Discussion","No Intervention"
7,67.3,50.4,3,"Medium","Interactive","Intervention Needed"
6.4,18.1,51.6,3,"Short","Discussion","Intervention Needed"
2.9,35.7,77.2,1,"Short","Discussion","Intervention Needed"
1.7,10.7,76.9,1,"Long","Interactive","Intervention Needed"
4.5,96.4,71.2,6,"Medium","Interactive","Intervention Needed"
9,23.2,60.2,3,"Medium","Discussion","Intervention Needed"
7,36.7,85.9,1,"Short","Discussion","Intervention Needed"
9.9,58.6,53,3,"Medium","Interactive","Intervention Needed"
1.6,22.2,54.1,1,"Medium","Discussion","Intervention Needed"
8.9,2.5,56.1,6,"Medium","Discussion","Intervention Needed"
6.7,47.8,58.4,3,"Medium","Interactive","Intervention Needed"
5.7,16.2,94.9,1,"Long","Interactive","No Intervention"
9.1,39.9,89.7,1,"Medium","Interactive","No Intervention"
4.2,31.5,61.9,3,"Long","Interactive","Intervention Needed"
1.4,2.4,65.3,3,"Short","Discussion","Intervention Needed"
8.4,18.9,70.5,1,"Short","Discussion","Intervention Needed"
3.3,46.1,79.8,3,"Medium","Interactive","No Intervention"
1.5,73.5,74.5,3,"Short","Discussion","Intervention Needed"
6.4,48.7,74.9,1,"Short","Interactive","Intervention Needed"
1,25.2,84.7,6,"Medium","Interactive","Intervention Needed"
8.2,71.4,80.6,3,"Short","Interactive","No Intervention"
2.1,85.9,64.7,3,"Long","Interactive","Intervention Needed"
7.9,86.7,76,6,"Medium","Interactive","No Intervention"
1.9,87.8,81.8,6,"Medium","Interactive","Intervention Needed"
2.3,72.5,50.9,1,"Short","Discussion","Intervention Needed"
5.8,97,52.9,6,"Short","Discussion","Intervention Needed"
9.8,89.9,66.4,1,"Short","Discussion","No Intervention"
1.4,61.1,69.5,3,"Short","Discussion","Intervention Needed"
3.2,9.9,87.9,6,"Medium","Discussion","Intervention Needed"
1.2,27,93.9,6,"Short","Discussion","Intervention Needed"
8.3,81.8,66.6,3,"Medium","Discussion","No Intervention"
8.8,15.2,71.6,6,"Short","Interactive","Intervention Needed"
3.5,82.9,77.7,1,"Long","Discussion","Intervention Needed"
6.5,60.2,84.2,6,"Long","Discussion","Intervention Needed"
2.1,55.8,93.9,6,"Long","Discussion","No Intervention"
1.9,22.9,87.6,6,"Medium","Interactive","Intervention Needed"
8.4,43.3,65.7,6,"Short","Discussion","Intervention Needed"
7.2,39.6,65.5,3,"Medium","Interactive","Intervention Needed"
9.2,41,56.3,3,"Medium","Interactive","Intervention Needed"
2.7,36.1,65.9,3,"Medium","Discussion","Intervention Needed"
1.5,9.7,90.1,6,"Medium","Discussion","Intervention Needed"
0.6,69,88.6,1,"Medium","Interactive","Intervention Needed"
2.6,54.5,62.4,6,"Short","Discussion","Intervention Needed"
1.1,29.7,57.8,6,"Medium","Discussion","Intervention Needed"
5.2,54.4,87.8,1,"Long","Discussion","No Intervention"
8.8,34,98.3,3,"Medium","Interactive","No Intervention"
6.6,77.8,86,3,"Medium","Interactive","No Intervention"
8.4,16.9,72.8,6,"Medium","Interactive","Intervention Needed"
9.7,84.8,64.5,6,"Medium","Interactive","No Intervention"
2.3,18.9,60.4,6,"Long","Discussion","Intervention Needed"
3.7,23.9,67.3,3,"Medium","Discussion","Intervention Needed"
7.1,40.6,79.9,6,"Medium","Interactive","Intervention Needed"
3.6,21.1,73.6,6,"Long","Discussion","Intervention Needed"
1.5,79.4,68.5,6,"Long","Interactive","Intervention Needed"
7.3,18.8,68.3,3,"Medium","Discussion","Intervention Needed"
8.4,100,63,1,"Long","Interactive","Intervention Needed"
5.1,4.1,82.8,3,"Long","Interactive","Intervention Needed"
8.9,74.1,51,1,"Long","Interactive","No Intervention"
4,10.9,71.2,1,"Short","Discussion","Intervention Needed"
6.3,14.6,86.9,3,"Long","Discussion","Intervention Needed"
3.6,50.8,75.8,3,"Medium","Discussion","Intervention Needed"
1.6,0.9,60.8,1,"Long","Discussion","Intervention Needed"
8.7,90.3,74.4,3,"Short","Discussion","No Intervention"
4.4,6.7,76.7,1,"Medium","Discussion","Intervention Needed"
1.4,10,82.1,1,"Short","Interactive","Intervention Needed"
7.8,42.1,55.7,3,"Long","Interactive","Intervention Needed"
5.9,60.8,61.8,1,"Short","Interactive","Intervention Needed"
3,30.6,68.2,3,"Short","Discussion","Intervention Needed"
3.8,93.8,58.1,1,"Medium","Interactive","Intervention Needed"
9.1,54,94,3,"Long","Discussion","No Intervention"
6.2,16.3,90.2,3,"Short","Interactive","No Intervention"
1.7,39.5,78.5,6,"Short","Interactive","Intervention Needed"
9.2,61.2,55.2,1,"Long","Interactive","No Intervention"
3.6,98.3,86.7,6,"Medium","Interactive","No Intervention"
7.1,72.5,56.9,3,"Medium","Discussion","Intervention Needed"
5.3,5.4,70.5,1,"Long","Discussion","Intervention Needed"
1.9,81.5,57.3,6,"Short","Discussion","Intervention Needed"
6.8,7.9,98.4,1,"Long","Interactive","Intervention Needed"
9.6,20.1,56.1,6,"Long","Interactive","No Intervention"
1.2,93,50.4,6,"Short","Interactive","Intervention Needed"
1.6,33.8,60.5,1,"Long","Interactive","Intervention Needed"
2.8,22.5,55.9,3,"Short","Interactive","Intervention Needed"
4.1,60.7,76.5,6,"Long","Discussion","Intervention Needed"
1.6,31.6,60.6,6,"Medium","Interactive","Intervention Needed"
2,85.8,94,3,"Long","Discussion","No Intervention"
1.3,7.7,91.4,6,"Long","Discussion","Intervention Needed"
7.6,84.1,65.4,1,"Short","Interactive","No Intervention"
6.5,26.1,78.9,6,"Medium","Discussion","Intervention Needed"
2.5,12.5,60.8,6,"Long","Interactive","Intervention Needed"
3.4,44,52.6,6,"Short","Interactive","Intervention Needed"
9.1,96.9,89.3,1,"Short","Discussion","No Intervention"
4.1,67,76.8,6,"Long","Interactive","No Intervention"
5.8,17.1,77.4,6,"Long","Interactive","Intervention Needed"
8.3,19.5,53.5,3,"Short","Discussion","Intervention Needed"
3.8,65.4,76,6,"Short","Interactive","No Intervention"
3.6,11.5,84.7,3,"Long","Discussion","Intervention Needed"
8,86.1,92.7,6,"Long","Discussion","No Intervention"
3.5,38.7,57.2,1,"Long","Interactive","Intervention Needed"
6.8,29.7,93.9,1,"Medium","Discussion","No Intervention"
5.4,26,86.8,1,"Short","Discussion","Intervention Needed"
0.5,71.8,50.2,6,"Short","Discussion","Intervention Needed"
7.8,80.5,57.6,6,"Long","Discussion","Intervention Needed"
1.8,76,67.1,6,"Long","Interactive","Intervention Needed"
6.5,29.9,54.8,1,"Short","Discussion","Intervention Needed"
5.9,4,75.5,3,"Medium","Discussion","No Intervention"
8.8,43.8,77,1,"Long","Discussion","No Intervention"
2.2,75.7,51.8,1,"Long","Discussion","Intervention Needed"
5.4,95.2,67.5,3,"Short","Interactive","No Intervention"
2.3,80.8,52,1,"Medium","Interactive","Intervention Needed"
5,96.2,58,6,"Long","Interactive","No Intervention"
3.7,67.4,71.4,6,"Medium","Discussion","Intervention Needed"
4.4,98.4,72.8,3,"Medium","Discussion","No Intervention"
3.7,6.6,68.7,3,"Medium","Discussion","Intervention Needed"
6.2,10.1,69.6,1,"Long","Discussion","Intervention Needed"
3,92.6,93.5,6,"Medium","Discussion","No Intervention"
6.8,15.8,88.9,6,"Long","Interactive","Intervention Needed"
2.2,60.4,56.8,1,"Medium","Interactive","Intervention Needed"
6.8,7.6,56.6,1,"Medium","Interactive","No Intervention"
8.7,31.5,53.6,1,"Medium","Discussion","Intervention Needed"
9,83.7,62.3,3,"Short","Discussion","No Intervention"
7.8,71.4,97.3,3,"Medium","Interactive","No Intervention"
3.3,29.2,75.9,3,"Short","Interactive","Intervention Needed"
6.7,6.1,74.3,1,"Long","Interactive","Intervention Needed"
6.1,93.2,91.8,3,"Long","Interactive","No Intervention"
5.9,53.1,64.2,6,"Long","Interactive","Intervention Needed"
6.2,31.8,72.3,6,"Medium","Interactive","No Intervention"
5.7,84.9,77.7,3,"Long","Interactive","No Intervention"
5.4,0.7,95.4,1,"Long","Interactive","No Intervention"
5.6,59,91.9,3,"Long","Discussion","No Intervention"
4,91.4,84.4,1,"Medium","Discussion","No Intervention"
9.7,13.6,53.7,3,"Medium","Discussion","Intervention Needed"
4.6,75.5,78,6,"Long","Discussion","Intervention Needed"
8,11.4,57.2,6,"Medium","Discussion","No Intervention"
1.1,1.4,97.7,6,"Short","Discussion","Intervention Needed"
4.5,98.1,55,1,"Short","Interactive","Intervention Needed"
3.1,48.2,65.1,1,"Short","Interactive","Intervention Needed"
5.2,29.3,73.9,3,"Short","Interactive","Intervention Needed"
5.3,59.6,92.4,1,"Short","Discussion","No Intervention"
1.7,53.6,75.3,3,"Long","Interactive","No Intervention"
2.8,3,77.5,1,"Short","Discussion","Intervention Needed"
9.1,22.7,71.3,3,"Long","Discussion","No Intervention"
4.5,31.9,92.9,6,"Long","Interactive","No Intervention"
6.8,0.2,83.3,3,"Medium","Discussion","No Intervention"
9.7,42.4,95.9,6,"Long","Discussion","No Intervention"
2.3,83.9,62.4,6,"Short","Discussion","Intervention Needed"
9.3,13.4,91.6,1,"Medium","Discussion","Intervention Needed"
1.1,56,50.3,6,"Medium","Discussion","Intervention Needed"
9.5,89.6,51.8,3,"Long","Interactive","No Intervention"
6.9,50,57.7,1,"Long","Interactive","Intervention Needed"
1.2,48.3,67.6,6,"Medium","Discussion","Intervention Needed"
2.4,12.6,85,6,"Medium","Discussion","Intervention Needed"
0,55.9,71.4,6,"Short","Discussion","Intervention Needed"
5.9,76.4,86.5,1,"Short","Interactive","No Intervention"
8.7,85.5,69.9,6,"Short","Interactive","No Intervention"
0.9,94,88.2,3,"Short","Interactive","No Intervention"
5.7,56,64.8,1,"Short","Interactive","Intervention Needed"
7.6,7.1,78.8,1,"Medium","Discussion","Intervention Needed"
0.8,72.1,65.6,3,"Short","Interactive","Intervention Needed"
3.1,2.4,96.4,3,"Long","Discussion","Intervention Needed"
2.1,77.5,68.3,1,"Short","Discussion","No Intervention"
0.8,10.7,55.7,6,"Long","Discussion","Intervention Needed"
7.8,82.1,56.4,1,"Long","Discussion","No Intervention"
9.4,6.5,73.9,1,"Long","Interactive","Intervention Needed"
9.3,55.2,76.5,1,"Medium","Discussion","No Intervention"
5.9,3.8,83.4,1,"Long","Discussion","Intervention Needed"
1.3,30.7,53.9,6,"Long","Discussion","Intervention Needed"
5.8,77.4,63.1,1,"Medium","Interactive","Intervention Needed"
7.5,77.2,96.4,1,"Medium","Discussion","No Intervention"
8.4,61.5,79,1,"Long","Discussion","No Intervention"
0.9,56.8,76.9,6,"Short","Discussion","Intervention Needed"
8.9,49.9,85.6,1,"Long","Interactive","No Intervention"
6,99.3,57.4,6,"Short","Interactive","Intervention Needed"
6.4,55,74.6,6,"Medium","Interactive","Intervention Needed"
8.4,4.7,83,3,"Short","Interactive","No Intervention"
5.6,17.5,79.8,3,"Short","Interactive","Intervention Needed"
5.4,97.3,68.9,3,"Medium","Discussion","No Intervention"
1.2,33,87.5,6,"Medium","Interactive","Intervention Needed"
8.6,65.3,97.3,3,"Short","Discussion","No Intervention"
7.8,82.7,55.1,1,"Medium","Interactive","Intervention Needed"
8.5,71,62.5,3,"Short","Discussion","Intervention Needed"
4,39.8,58.1,3,"Short","Discussion","Intervention Needed"
3.1,43.9,67.9,1,"Long","Discussion","Intervention Needed"
9.7,32.8,84.4,3,"Long","Interactive","No Intervention"
0.8,16.2,56.6,6,"Long","Discussion","Intervention Needed"
8.7,60.5,84.7,6,"Short","Discussion","No Intervention"
0.9,22.3,83.3,6,"Long","Discussion","Intervention Needed"
4.5,89.9,54.2,1,"Long","Discussion","Intervention Needed"
6.6,1.7,85.6,3,"Long","Discussion","Intervention Needed"
7,11.6,84.6,6,"Short","Discussion","No Intervention"
3,74.1,64.8,1,"Medium","Discussion","Intervention Needed"
8.2,42.1,85.3,6,"Medium","Interactive","No Intervention"
4.4,79.2,64.8,3,"Medium","Discussion","Intervention Needed"
7.4,73.9,93.9,1,"Short","Interactive","No Intervention"
4.4,10.2,96.5,6,"Short","Discussion","Intervention Needed"
4.1,70.2,54.2,1,"Long","Discussion","Intervention Needed"
7.3,17.5,71.2,1,"Short","Discussion","Intervention Needed"
5.4,21.3,87.1,3,"Medium","Interactive","Intervention Needed"
0.6,24,92.5,1,"Medium","Discussion","Intervention Needed"
7.8,29.9,74.1,6,"Long","Interactive","Intervention Needed"
1.3,86.3,71,6,"Short","Interactive","Intervention Needed"
4.4,12.9,67.3,6,"Medium","Interactive","Intervention Needed"
0.7,92.3,60,1,"Long","Interactive","Intervention Needed"
4,35.2,89.7,6,"Medium","Discussion","No Intervention"
8.7,25.6,97.7,6,"Short","Discussion","No Intervention"
0.4,39.8,95.5,1,"Long","Discussion","Intervention Needed"
8.8,91.6,81,6,"Short","Discussion","Intervention Needed"
2.5,26.6,73.1,6,"Medium","Discussion","Intervention Needed"
4.2,39,97.2,1,"Medium","Discussion","Intervention Needed"
3.1,70.4,58.6,1,"Medium","Interactive","Intervention Needed"
9.2,94.5,68.5,6,"Long","Discussion","No Intervention"
5,13,65.4,1,"Medium","Discussion","Intervention Needed"
3.8,9.5,97.4,3,"Short","Interactive","Intervention Needed"
0.6,76,62.3,6,"Medium","Discussion","No Intervention"
4.3,20.5,89.2,1,"Short","Discussion","Intervention Needed"
1.6,27.9,84.2,3,"Medium","Discussion","Intervention Needed"
1,56.4,50.4,6,"Medium","Discussion","Intervention Needed"
7.2,14.9,55.2,1,"Long","Discussion","Intervention Needed"
7.3,70,95.4,3,"Medium","Discussion","No Intervention"
9,24.4,90.8,6,"Medium","Discussion","No Intervention"
9,21,52.8,6,"Short","Discussion","Intervention Needed"
3.9,42.8,55.9,6,"Long","Interactive","Intervention Needed"
7.7,56.5,65.9,3,"Short","Discussion","Intervention Needed"
3.3,10.2,77.3,1,"Short","Interactive","Intervention Needed"
4,19.8,68.6,6,"Long","Interactive","Intervention Needed"
5.6,9.5,66.6,3,"Short","Interactive","Intervention Needed"
4.5,74.6,60.5,1,"Short","Discussion","Intervention Needed"
0.9,5.9,94.5,1,"Medium","Interactive","Intervention Needed"
9.4,12.6,77.7,3,"Long","Interactive","No Intervention"
0.2,4,52.5,3,"Long","Interactive","Intervention Needed"
2.3,82.7,56.3,6,"Short","Discussion","Intervention Needed"
7.5,79.2,84.5,3,"Short","Interactive","No Intervention"
9.9,34.7,86.7,1,"Medium","Interactive","Intervention Needed"
1.4,0.7,95.3,3,"Long","Discussion","Intervention Needed"
3,91.4,52.8,3,"Short","Discussion","Intervention Needed"
0.3,60.4,75.4,3,"Short","Discussion","Intervention Needed"
3.5,49.3,93.7,6,"Short","Interactive","Intervention Needed"
7.9,60.9,98.4,1,"Long","Interactive","No Intervention"
5.8,42.1,91.6,1,"Short","Interactive","Intervention Needed"
6.3,90.2,51.3,6,"Medium","Interactive","Intervention Needed"
7.9,72.1,64.4,1,"Long","Discussion","Intervention Needed"
4.9,76.8,76.8,6,"Medium","Interactive","No Intervention"
1,51.1,73.4,3,"Medium","Interactive","Intervention Needed"
10,47.9,61.8,1,"Short","Discussion","Intervention Needed"
3.7,70.7,75.8,6,"Short","Discussion","Intervention Needed"
0.6,12.9,82.4,3,"Medium","Interactive","Intervention Needed"
1.8,38.5,65.1,1,"Long","Interactive","Intervention Needed"
8.6,78.1,60,1,"Medium","Interactive","No Intervention"
5.7,16.8,63.5,3,"Long","Discussion","Intervention Needed"
9.4,50.6,81.3,1,"Medium","Interactive","No Intervention"
6.7,79.8,69,3,"Long","Discussion","Intervention Needed"
7.5,8.7,56.5,6,"Long","Discussion","No Intervention"
0.3,83.6,70.8,3,"Medium","Discussion","No Intervention"
5.2,14.4,88.5,3,"Short","Discussion","Intervention Needed"
0.2,1.6,78.4,1,"Long","Discussion","Intervention Needed"
7.6,74.7,95.4,6,"Short","Discussion","No Intervention"
6.8,40.5,86.7,3,"Long","Discussion","Intervention Needed"
2.3,81.1,88.5,1,"Long","Interactive","No Intervention"
4.2,13.4,97.2,3,"Long","Discussion","Intervention Needed"
2.1,55.8,76.4,1,"Short","Interactive","Intervention Needed"
3.7,89,80.3,3,"Medium","Interactive","No Intervention"
10,27.4,77,1,"Short","Interactive","No Intervention"
4.8,22.5,61.4,6,"Short","Interactive","Intervention Needed"
7.3,71.1,75.9,3,"Medium","Discussion","No Intervention"
4.8,67,99.4,6,"Short","Discussion","No Intervention"
4.8,79.2,51.5,1,"Medium","Discussion","Intervention Needed"
7.8,97.5,94,3,"Long","Interactive","No Intervention"
6.6,96,75,6,"Medium","Interactive","No Intervention"
8.9,24.5,93.4,6,"Long","Interactive","Intervention Needed"
0.7,93.2,60.8,6,"Long","Discussion","Intervention Needed"
3.1,11.9,94.8,1,"Medium","Interactive","Intervention Needed"
0.9,29.1,75.9,1,"Long","Discussion","Intervention Needed"
9.1,72.1,87.6,6,"Long","Discussion","No Intervention"
6.7,21.9,78.7,6,"Short","Interactive","Intervention Needed"
8.5,40.9,66.9,3,"Short","Discussion","Intervention Needed"
4.1,98.5,80.4,6,"Short","Discussion","No Intervention"
4.5,23.1,53.8,6,"Medium","Interactive","Intervention Needed"
2.8,71.1,97.6,1,"Medium","Discussion","Intervention Needed"
5.9,70.1,99.6,3,"Long","Interactive","No Intervention"
0.5,42.3,91.8,3,"Medium","Discussion","Intervention Needed"
0.9,31.6,63,6,"Medium","Discussion","Intervention Needed"
3.6,50.8,60.7,6,"Medium","Discussion","Intervention Needed"
1,39.8,65.2,6,"Medium","Interactive","Intervention Needed"
1.7,47.6,86.1,3,"Medium","Discussion","Intervention Needed"
3.6,81.1,90.1,3,"Long","Interactive","No Intervention"
1.8,39.1,60.1,6,"Short","Discussion","Intervention Needed"
9.8,78.9,51,1,"Medium","Discussion","No Intervention"
6.2,40.8,89.8,6,"Short","Interactive","Intervention Needed"
5.7,52.5,94.9,6,"Medium","Interactive","Intervention Needed"
5.3,46.9,96.6,1,"Medium","Discussion","Intervention Needed"
8.4,54.5,55.3,6,"Long","Interactive","Intervention Needed"
9.8,5.6,88.1,6,"Long","Interactive","Intervention Needed"
9.8,57.3,70.9,6,"Long","Interactive","No Intervention"
5,54.2,64.9,6,"Long","Interactive","Intervention Needed"
6.3,31.3,65.2,6,"Long","Discussion","Intervention Needed"
7.4,63.3,81.6,1,"Medium","Interactive","No Intervention"
0.7,56.2,82.4,6,"Short","Discussion","Intervention Needed"
9.5,67,72.5,3,"Long","Interactive","No Intervention"
2,6.6,84.2,3,"Medium","Discussion","Intervention Needed"
4.2,98.4,67.5,6,"Long","Discussion","No Intervention"
3.1,58.7,50.2,6,"Medium","Discussion","Intervention Needed"
7.5,69.8,53.9,1,"Short","Discussion","Intervention Needed"
7.4,32.5,61.5,6,"Short","Discussion","Intervention Needed"
7.5,97.1,94.7,6,"Long","Interactive","No Intervention"
7.1,13.9,73.3,1,"Medium","Interactive","No Intervention"
0.9,51.9,98.7,6,"Medium","Discussion","Intervention Needed"
2.4,16.2,64.4,6,"Short","Discussion","Intervention Needed"
0.1,48.1,90.5,3,"Medium","Discussion","Intervention Needed"
9.3,29.6,60.6,6,"Long","Discussion","Intervention Needed"
1.6,33.6,53.6,3,"Long","Discussion","Intervention Needed"
2.6,81.5,79.5,3,"Medium","Discussion","Intervention Needed"
9.7,66.5,53.1,1,"Long","Discussion","Intervention Needed"
6.1,85.4,69.4,3,"Medium","Discussion","Intervention Needed"
9.9,18.8,96,3,"Long","Interactive","Intervention Needed"
5.4,48,69.1,6,"Short","Discussion","Intervention Needed"
8.4,75.2,74.5,6,"Short","Interactive","No Intervention"
7.8,92.3,88.9,3,"Short","Discussion","No Intervention"
3.6,85.6,65.4,1,"Medium","Interactive","Intervention Needed"
4.6,32.5,78.9,3,"Medium","Interactive","Intervention Needed"
1.3,47.9,74.5,6,"Medium","Interactive","Intervention Needed"
8.6,79.4,76.2,6,"Short","Interactive","Intervention Needed"
7.4,42.9,55.3,3,"Long","Interactive","Intervention Needed"
4.2,99.3,54.7,1,"Short","Interactive","No Intervention"
2.7,94.5,53.3,1,"Short","Discussion","Intervention Needed"
5.7,67.1,74.7,1,"Long","Interactive","No Intervention"
5.2,34.3,96.1,6,"Medium","Interactive","Intervention Needed"
0.5,28.4,83.4,6,"Short","Interactive","Intervention Needed"
4.9,34.9,70.7,6,"Long","Discussion","Intervention Needed"
1.9,14.9,62.5,1,"Short","Interactive","Intervention Needed"
8.1,24.4,99.7,6,"Short","Interactive","Intervention Needed"
9.2,8.8,87.1,6,"Long","Discussion","Intervention Needed"
2.8,57.9,87.9,3,"Long","Discussion","Intervention Needed"
4.6,5.9,80.5,6,"Short","Discussion","Intervention Needed"
5.4,53.7,94.4,1,"Short","Discussion","No Intervention"
5,38.1,60,3,"Short","Discussion","Intervention Needed"
8.7,76.8,74,1,"Long","Discussion","No Intervention"
4.5,61,64.5,6,"Long","Interactive","Intervention Needed"
1.9,50.2,98,3,"Short","Interactive","Intervention Needed"
7.5,64.6,84.8,6,"Medium","Discussion","Intervention Needed"
8.6,36.7,80.8,1,"Short","Discussion","Intervention Needed"
1.6,16.2,97.4,6,"Short","Discussion","Intervention Needed"
6.2,74.6,51.8,3,"Long","Discussion","Intervention Needed"
2.1,74.1,72,3,"Medium","Interactive","Intervention Needed"
9.6,20.6,78.8,6,"Short","Interactive","Intervention Needed"
6.5,60.7,73.8,6,"Short","Discussion","Intervention Needed"
1.3,15.2,72.1,3,"Short","Interactive","Intervention Needed"
7.9,55.4,77.9,1,"Long","Interactive","Intervention Needed"
6.8,13.9,80.3,1,"Medium","Interactive","Intervention Needed"
6.8,24.3,75.7,1,"Medium","Interactive","Intervention Needed"
4.6,24.3,54.2,3,"Long","Discussion","Intervention Needed"
2.4,4.6,50.8,6,"Short","Interactive","Intervention Needed"
7,67.8,55.6,1,"Short","Interactive","Intervention Needed"
7.4,10.4,56.3,3,"Short","Interactive","Intervention Needed"
4.3,70.8,71.1,3,"Long","Discussion","Intervention Needed"
1.7,55.3,78.8,1,"Long","Interactive","Intervention Needed"
2.9,7.7,70.2,3,"Long","Discussion","Intervention Needed"
2.3,54.1,99.8,1,"Long","Interactive","Intervention Needed"
7.4,14.2,76.5,1,"Short","Interactive","No Intervention"
5.2,37.8,85.2,6,"Medium","Interactive","Intervention Needed"
7.1,22.1,96.6,1,"Medium","Interactive","No Intervention"
0.2,3,77.6,1,"Long","Discussion","Intervention Needed"
4.8,88.3,67.1,1,"Long","Discussion","No Intervention"
3.4,22.4,99.7,3,"Medium","Discussion","No Intervention"
1.4,91.9,68.5,6,"Medium","Interactive","Intervention Needed"
3.2,64.2,83.8,6,"Medium","Interactive","Intervention Needed"
1.9,32.9,94,3,"Short","Discussion","Intervention Needed"
6.6,64,81.9,6,"Medium","Discussion","No Intervention"
8.5,4,88.5,6,"Long","Interactive","Intervention Needed"
9.2,38.6,73.3,3,"Long","Interactive","Intervention Needed"
3.4,7.7,95.5,3,"Short","Interactive","Intervention Needed"
0.5,41.6,86.2,1,"Short","Discussion","Intervention Needed"
0.7,76.4,79.4,3,"Medium","Interactive","Intervention Needed"
5.2,89.6,62.7,3,"Short","Discussion","Intervention Needed"
1.7,72.5,93.2,6,"Long","Interactive","No Intervention"
2.5,41.1,86.6,1,"Long","Discussion","Intervention Needed"
2.2,8.9,85.9,6,"Short","Discussion","Intervention Needed"
1.8,56,88.9,3,"Short","Interactive","Intervention Needed"
9.1,66.3,84.7,3,"Long","Interactive","No Intervention"
2.7,6.7,70.5,6,"Medium","Interactive","Intervention Needed"
8.8,9.2,75,1,"Long","Discussion","Intervention Needed"
5.8,67.6,53.5,3,"Long","Interactive","Intervention Needed"
6.1,7,85.4,1,"Long","Interactive","No Intervention"
3.1,53.7,54.1,6,"Long","Discussion","Intervention Needed"
3.2,84.2,94.3,3,"Long","Interactive","Intervention Needed"
2.1,90.7,55.7,3,"Medium","Interactive","Intervention Needed"
0.4,37.6,56.3,1,"Short","Interactive","Intervention Needed"
2.7,97.2,95.4,6,"Short","Discussion","No Intervention"
2.4,18.2,92.5,6,"Long","Discussion","Intervention Needed"
7.8,74.8,55.3,3,"Long","Interactive","No Intervention"
9.3,89.7,51.1,3,"Long","Discussion","No Intervention"
1.5,91.3,77,3,"Long","Interactive","Intervention Needed"
7.6,73.2,50.8,3,"Long","Interactive","No Intervention"
7.2,28.2,58,3,"Short","Discussion","Intervention Needed"
2.4,52,97.9,1,"Medium","Interactive","Intervention Needed"
2.8,29.6,51.7,6,"Long","Discussion","Intervention Needed"
9.9,0.3,57.5,6,"Long","Discussion","No Intervention"
9.3,32.4,94,1,"Short","Interactive","No Intervention"
1.2,21.4,99.9,6,"Long","Interactive","Intervention Needed"
4.9,25.3,64.3,6,"Medium","Discussion","Intervention Needed"
2.8,3.9,95.3,3,"Long","Interactive","Intervention Needed"
4.8,76,97.7,6,"Long","Interactive","No Intervention"
4.9,42.7,50.4,1,"Long","Discussion","Intervention Needed"
4.7,27.6,53.6,6,"Short","Discussion","Intervention Needed"
5.8,45.1,93.5,3,"Long","Interactive","Intervention Needed"
5.7,20.8,84.9,1,"Long","Discussion","Intervention Needed"
4.9,22.9,58.2,6,"Medium","Discussion","Intervention Needed"
1.2,30.6,64.7,1,"Short","Interactive","Intervention Needed"
1.3,60.7,61.9,3,"Long","Interactive","Intervention Needed"
7.8,50.4,58.7,6,"Short","Discussion","No Intervention"
8.8,60.2,78,6,"Medium","Discussion","No Intervention"
2.2,31.5,98.9,6,"Medium","Discussion","Intervention Needed"
2.9,0.1,66.8,1,"Short","Discussion","Intervention Needed"
6.3,46.5,64.4,3,"Medium","Interactive","Intervention Needed"
7.8,95.9,65,1,"Long","Interactive","No Intervention"
6.5,93.8,98.2,3,"Short","Discussion","No Intervention"
7,93.7,93,6,"Long","Interactive","No Intervention"
7.4,73.9,69.6,1,"Short","Discussion","No Intervention"
6.3,12.9,84.2,3,"Medium","Interactive","Intervention Needed"
7.9,64.3,52.9,1,"Short","Discussion","No Intervention"
6.9,75.4,56.3,6,"Long","Interactive","Intervention Needed"
9.8,61.6,71.4,6,"Short","Discussion","Intervention Needed"
4.7,9.6,80.1,6,"Short","Interactive","Intervention Needed"
6.7,66.3,56.5,6,"Medium","Discussion","No Intervention"
9.7,26,79.2,1,"Short","Interactive","No Intervention"
6.2,65.7,99.5,1,"Long","Interactive","No Intervention"
7.6,6,81.6,1,"Long","Interactive","Intervention Needed"
8.4,9.4,65.1,1,"Long","Discussion","Intervention Needed"
3.3,43.4,58.1,3,"Long","Discussion","No Intervention"
4.5,36.3,69.7,6,"Long","Interactive","No Intervention"
6.4,66.1,83.1,3,"Long","Discussion","Intervention Needed"
0.7,28.6,73.6,6,"Long","Discussion","No Intervention"
6,66.8,58.6,1,"Short","Discussion","Intervention Needed"
6.5,41.7,70.2,3,"Short","Interactive","No Intervention"
7.1,23,78.2,1,"Long","Interactive","Intervention Needed"
8,70.6,95.7,3,"Medium","Interactive","No Intervention"
2.8,28.7,57.1,1,"Medium","Interactive","Intervention Needed"
7.3,98.2,75.4,6,"Short","Interactive","No Intervention"
6.6,51.7,99.6,1,"Medium","Interactive","No Intervention"
9.1,76.5,69.6,1,"Short","Discussion","No Intervention"
0.9,61,95.1,6,"Short","Interactive","Intervention Needed"
3.3,32,88,6,"Medium","Discussion","Intervention Needed"
4.5,50.1,80.2,6,"Short","Discussion","Intervention Needed"
2.2,77.6,94.4,3,"Short","Interactive","Intervention Needed"
3.6,79.1,92.5,1,"Long","Discussion","No Intervention"
2.2,67.7,77.5,3,"Short","Discussion","Intervention Needed"
2.9,78.5,77.7,6,"Long","Discussion","No Intervention"
0.2,10.9,78.4,6,"Short","Interactive","Intervention Needed"
5.2,72.9,96.7,3,"Long","Interactive","No Intervention"
8.9,96.5,66.9,6,"Short","Discussion","No Intervention"
7.1,65.3,66.7,1,"Medium","Discussion","No Intervention"
4.3,62.9,63.1,1,"Long","Discussion","Intervention Needed"
4.8,25.3,89.4,6,"Short","Interactive","Intervention Needed"
8.2,59.3,92.3,1,"Short","Interactive","No Intervention"
2.1,66.2,72,6,"Short","Interactive","Intervention Needed"
3.6,17.9,69.4,6,"Short","Interactive","Intervention Needed"
4.3,57.9,77.3,3,"Short","Discussion","Intervention Needed"
0.4,68.1,75.8,1,"Long","Discussion","Intervention Needed"
1.4,44.2,97.1,1,"Short","Discussion","No Intervention"
9.3,11,77.7,3,"Long","Interactive","No Intervention"
9.3,84.9,95.5,3,"Short","Discussion","No Intervention"
4.9,98.3,91.6,6,"Medium","Discussion","No Intervention"
6.3,17.5,99.2,6,"Medium","Discussion","No Intervention"
8.8,49.9,72.8,3,"Long","Discussion","No Intervention"
9.3,78.4,84.9,6,"Short","Discussion","No Intervention"
4,24.5,50.1,6,"Short","Interactive","Intervention Needed"
0.2,39.4,84,1,"Short","Interactive","Intervention Needed"
0.5,93.7,61.6,3,"Short","Discussion","Intervention Needed"
2.2,82.9,85.3,3,"Medium","Discussion","Intervention Needed"
0.9,47.6,70.1,3,"Long","Interactive","Intervention Needed"
5.6,96.6,69.7,6,"Medium","Interactive","Intervention Needed"
4.4,54.6,59.9,6,"Long","Discussion","Intervention Needed"
3,1.9,81.6,6,"Medium","Interactive","Intervention Needed"
6.9,78.9,52.4,6,"Long","Interactive","No Intervention"
4.2,68.3,79.7,3,"Medium","Interactive","No Intervention"
4.7,26.2,87.9,6,"Short","Discussion","Intervention Needed"
0.9,9.6,65.2,6,"Short","Discussion","Intervention Needed"
1.2,95.8,75.7,6,"Long","Discussion","Intervention Needed"
10,36,70.2,6,"Short","Discussion","No Intervention"
7.2,17.1,57.7,6,"Short","Interactive","Intervention Needed"
2.3,68.9,84,3,"Short","Interactive","No Intervention"
7.5,73.2,78.9,1,"Short","Interactive","No Intervention"
0.1,96.6,71.5,3,"Medium","Interactive","Intervention Needed"
4.6,12.7,70.2,3,"Long","Discussion","Intervention Needed"
2.7,52.2,88.2,1,"Medium","Interactive","Intervention Needed"
8.2,48.2,97.7,3,"Short","Discussion","No Intervention"
5.7,47.8,86.4,3,"Short","Discussion","No Intervention"
1.7,58,97.4,6,"Short","Discussion","Intervention Needed"
9.6,51.9,53.4,1,"Long","Interactive","Intervention Needed"
5.3,34.9,93.6,3,"Medium","Discussion","No Intervention"
9,92.9,71.3,6,"Short","Interactive","Intervention Needed"
6.7,5.9,98.7,1,"Medium","Discussion","No Intervention"
0.6,22.5,91.3,3,"Short","Discussion","Intervention Needed"
1.5,61.2,67.7,3,"Medium","Interactive","Intervention Needed"
7.1,18.2,82.7,1,"Short","Discussion","Intervention Needed"
5.5,64,53.4,6,"Medium","Interactive","Intervention Needed"
7.8,27.7,92.9,3,"Long","Interactive","Intervention Needed"
0.5,59.9,84.3,1,"Medium","Interactive","Intervention Needed"
1.4,47,59.8,3,"Medium","Discussion","Intervention Needed"
3.9,64.1,96,1,"Short","Discussion","No Intervention"
6.7,61.8,81.6,1,"Medium","Interactive","No Intervention"
9,14.4,64.8,1,"Medium","Interactive","Intervention Needed"
3.8,66.8,96.8,1,"Long","Interactive","Intervention Needed"
0.9,45.9,68.6,6,"Short","Interactive","Intervention Needed"
0.6,27.8,83.3,3,"Medium","Interactive","Intervention Needed"
0.1,71.4,57.1,1,"Medium","Interactive","Intervention Needed"
4,63.7,86.1,6,"Medium","Interactive","No Intervention"
0.3,11.6,92.8,6,"Medium","Discussion","Intervention Needed"
7.5,60.2,57.7,3,"Medium","Discussion","Intervention Needed"
5.7,16.4,86.8,6,"Medium","Discussion","Intervention Needed"
8.8,41.8,62.9,3,"Short","Discussion","No Intervention"
3.8,18.6,92.8,3,"Short","Discussion","Intervention Needed"
6.6,96.9,92.7,1,"Long","Interactive","No Intervention"
4.7,96.1,64.7,3,"Long","Interactive","Intervention Needed"
2.2,84.3,60.5,1,"Medium","Interactive","Intervention Needed"
1.8,40.2,89.5,3,"Long","Interactive","Intervention Needed"
5.5,22,51.3,3,"Medium","Interactive","Intervention Needed"
7.2,86,91,3,"Medium","Interactive","No Intervention"
9.6,91,76.2,3,"Short","Interactive","No Intervention"
0,5.9,84.4,1,"Long","Interactive","Intervention Needed"
8,61.8,85.8,1,"Medium","Discussion","No Intervention"
7.3,28.6,74.9,1,"Long","Interactive","Intervention Needed"
2.6,25.7,61.2,6,"Long","Discussion","Intervention Needed"
9.8,25.3,53,6,"Long","Interactive","Intervention Needed"
9.1,91.7,93.1,1,"Medium","Interactive","No Intervention"
9.4,7,73.4,3,"Long","Interactive","Intervention Needed"
5.6,39.7,93,6,"Short","Interactive","Intervention Needed"
9.8,91.8,75,3,"Long","Discussion","No Intervention"
8.6,23.2,80.2,3,"Short","Discussion","No Intervention"
0.9,18.2,69.5,6,"Short","Discussion","Intervention Needed"
0.6,35,62.4,6,"Long","Interactive","Intervention Needed"
9,28.1,92.8,1,"Medium","Discussion","No Intervention"
5.8,51.7,89.8,1,"Long","Discussion","No Intervention"
4.9,64,59.9,6,"Short","Discussion","Intervention Needed"
9.1,97.4,51.3,1,"Long","Interactive","No Intervention"
0.7,44.9,63.6,6,"Long","Discussion","Intervention Needed"
7.7,5.1,88.2,6,"Long","Interactive","Intervention Needed"
10,55.2,65.4,6,"Long","Discussion","No Intervention"
6.9,40.8,88.8,1,"Short","Interactive","No Intervention"
6,10.8,71.4,3,"Long","Discussion","Intervention Needed"
0.5,96.4,69.2,1,"Long","Interactive","Intervention Needed"
9.8,20.2,90.1,3,"Long","Discussion","No Intervention"
9.9,89.9,96,1,"Short","Discussion","No Intervention"
6.5,22.9,70.5,6,"Long","Interactive","Intervention Needed"
0.6,42.8,59.8,1,"Short","Discussion","Intervention Needed"
1,62.4,55.7,6,"Medium","Discussion","Intervention Needed"
4.8,15.7,92.2,6,"Medium","Discussion","Intervention Needed"
1.5,100,61.7,6,"Medium","Discussion","Intervention Needed"
6.4,68,73.5,6,"Medium","Interactive","No Intervention"
9.1,4.7,57.7,1,"Long","Interactive","Intervention Needed"
7.5,50,53.2,3,"Long","Interactive","Intervention Needed"
7.1,63.1,90.5,3,"Medium","Discussion","No Intervention"
6.3,69,63.3,3,"Medium","Discussion","Intervention Needed"
7.7,17.6,52.2,3,"Long","Interactive","Intervention Needed"
4.7,66.1,57.5,6,"Long","Interactive","Intervention Needed"
7.6,79.3,70,1,"Short","Interactive","No Intervention"
5.8,62.4,76.5,6,"Medium","Discussion","No Intervention"
8.7,57.6,89.4,1,"Short","Interactive","No Intervention"
1.9,10.4,69.9,6,"Medium","Discussion","Intervention Needed"
5.1,58.3,76.6,1,"Long","Interactive","No Intervention"
0.3,68.7,91.1,6,"Short","Discussion","Intervention Needed"
7.5,26.3,75.7,3,"Long","Discussion","Intervention Needed"
5.9,50.8,99.3,3,"Long","Interactive","No Intervention"
9.3,36.9,66.8,1,"Medium","Discussion","Intervention Needed"
7,44.6,94.3,6,"Long","Discussion","Intervention Needed"
1.5,95,70.7,3,"Short","Interactive","Intervention Needed"
8.5,12.6,92.1,6,"Long","Interactive","Intervention Needed"
9.6,86.3,60.2,6,"Short","Interactive","No Intervention"
7.3,37.8,90.7,6,"Medium","Discussion","No Intervention"
8.4,78.7,51,6,"Medium","Discussion","No Intervention"
8,36.7,81,6,"Short","Interactive","No Intervention"
0.8,18.7,87.7,3,"Long","Discussion","Intervention Needed"
7.2,1,78.4,1,"Medium","Discussion","No Intervention"
3.9,38.4,96.6,1,"Short","Interactive","No Intervention"
1.7,70.3,62.8,3,"Short","Interactive","Intervention Needed"
1.5,70,87,1,"Medium","Interactive","Intervention Needed"
3.4,26.5,66.6,3,"Long","Interactive","Intervention Needed"
1.5,18,73.3,1,"Medium","Interactive","Intervention Needed"
0.5,49.7,76.5,3,"Medium","Discussion","No Intervention"
3.4,55.8,55.3,6,"Short","Discussion","Intervention Needed"
4.1,63.2,81.6,6,"Medium","Interactive","Intervention Needed"
5.6,2.7,90.2,1,"Short","Discussion","Intervention Needed"
3.2,49.3,82.1,1,"Medium","Interactive","Intervention Needed"
2.5,24.1,62.8,3,"Medium","Interactive","Intervention Needed"
1.9,51.9,91.5,6,"Long","Interactive","Intervention Needed"
6.9,23,95,3,"Medium","Discussion","No Intervention"
3.4,87.6,92.8,3,"Medium","Discussion","Intervention Needed"
9.7,32.3,71,6,"Medium","Discussion","No Intervention"
2.9,76,78.1,3,"Long","Interactive","Intervention Needed"
1.1,54.4,88.9,6,"Short","Discussion","Intervention Needed"
0.3,94.2,71.8,1,"Medium","Discussion","Intervention Needed"
3.1,54.8,89.6,3,"Medium","Discussion","Intervention Needed"
